CAScode,PC_Code,,,,,,,,,,,,,
288􏰂88􏰂0 ,600074,,,,,,,,,,,,,
,,,,,,,,,,,,,,
77􏰂48􏰂5 ,6317,,,,,,,,,,,,,
,,,,,,,,,,,,,,
89415􏰂87􏰂2 ,128826,,,,,,,,,,,,,
,,,,,,,,,,,,,,
94􏰂75􏰂7 ,30001,,,,,,,,,,,,,
,,,,,,,,,,,,,,
1928􏰂43􏰂4 ,30063,,,,,,,,,,,,,
,,,,,,,,,,,,,,
1929􏰂73􏰂3 ,30053,,,,,,,,,,,,,
,,,,,,,,,,,,,,
1048373􏰂72􏰂3 ,51505,,,,,,,,,,,,,
,,,,,,,,,,,,,,
5742􏰂19􏰂8 ,30016,,,,,,,,,,,,,
,,,,,,,,,,,,,,
2008􏰂39􏰂1 ,30019,,,,,,,,,,,,,
,,,,,,,,,,,,,,
94􏰂11􏰂1 ,30066,,,,,,,,,,,,,
,,,,,,,,,,,,,,
5742􏰂17􏰂6 ,30025,,,,,,,,,,,,,
,,,,,,,,,,,,,,
2702􏰂72􏰂9 ,30004,,,,,,,,,,,,,
,,,,,,,,,,,,,,
32341􏰂80􏰂3 ,30035,,,,,,,,,,,,,
,,,,,,,,,,,,,,
94􏰂82􏰂6 ,30801,,,,,,,,,,,,,
,,,,,,,,,,,,,,
2758􏰂42􏰂1 ,30819,,,,,,,,,,,,,
,,,,,,,,,,,,,,
15165􏰂67􏰂0 ,31402,,,,,,,,,,,,,
,,,,,,,,,,,,,,
865363􏰂39􏰂9 ,31465,,,,,,,,,,,,,
,,,,,,,,,,,,,,
104786􏰂87􏰂0 ,31403,,,,,,,,,,,,,
,,,,,,,,,,,,,,
116􏰂25􏰂6 ,115502,,,,,,,,,,,,,
,,,,,,,,,,,,,,
6440􏰂58􏰂0 ,115501,,,,,,,,,,,,,
,,,,,,,,,,,,,,
113796􏰂46􏰂6 ,28502,,,,,,,,,,,,,
,,,,,,,,,,,,,,
120􏰂32􏰂1 ,62201,,,,,,,,,,,,,
,,,,,,,,,,,,,,
640􏰂19􏰂7 ,75002,,,,,,,,,,,,,
,,,,,,,,,,,,,,
3861􏰂41􏰂4 ,35303,,,,,,,,,,,,,
,,,,,,,,,,,,,,
504􏰂24􏰂5 ,69201,,,,,,,,,,,,,
,,,,,,,,,,,,,,
30560􏰂19􏰂1 ,103301,,,,,,,,,,,,,
,,,,,,,,,,,,,,
57960􏰂19􏰂7 ,6329,,,,,,,,,,,,,
,,,,,,,,,,,,,,
63114􏰂77􏰂2 ,111101,,,,,,,,,,,,,
,,,,,,,,,,,,,,
135410􏰂20􏰂7 ,99050,,,,,,,,,,,,,
,,,,,,,,,,,,,,
34256􏰂82􏰂1 ,121601,,,,,,,,,,,,,
,,,,,,,,,,,,,,
135158􏰂54􏰂2 ,61402,,,,,,,,,,,,,
,,,,,,,,,,,,,,
62476􏰂59􏰂9 ,114402,,,,,,,,,,,,,
,,,,,,,,,,,,,,
101007􏰂06􏰂1 ,129141,,,,,,,,,,,,,
,,,,,,,,,,,,,,
68424􏰂85􏰂1 ,69105,,,,,,,,,,,,,
,,,,,,,,,,,,,,
915972􏰂17􏰂7 ,26200,,,,,,,,,,,,,
,,,,,,,,,,,,,,
,,,,,,,,,,,,,,
,,,,,,,,,,,,,,
,,,,,,,,,,,,,,
,,,,,,,,,,,,,,
,,,,,,,,,,,,,,
,,,,,,,,,,,,,,
,,,,,,,,,,,,,,
15972􏰂60􏰂8 ,90501,,,,,,,,,,,,,
,,,,,,,,,,,,,,
116􏰂06􏰂3 ,98301,,,,,,,,,,,,,
,,,,,,,,,,,,,,
64742􏰂89􏰂8; 64742􏰂55􏰂8 ,63503,,,,,,,,,,,,,
,,,,,,,,,,,,,,
67375􏰂30􏰂8 ,209600,,,,,,,,,,,,,
,,,,,,,,,,,,,,
865318􏰂97􏰂4 ,119210,,,,,,,,,,,,,
,,,,,,,,,,,,,,
834􏰂12􏰂8 ,80801,,,,,,,,,,,,,
,,,,,,,,,,,,,,
129909􏰂90􏰂6 ,114004,,,,,,,,,,,,,
,,,,,,,,,,,,,,
858956􏰂08􏰂8; 124423􏰂84􏰂3; 1759􏰂53􏰂1 ,288008,,,,,,,,,,,,,
,,,,,,,,,,,,,,
858954􏰂83􏰂3 ,288009,,,,,,,,,,,,,
,,,,,,,,,,,,,,
858956􏰂35􏰂1 ,288010,,,,,,,,,,,,,
,,,,,,,,,,,,,,
150114􏰂71􏰂9 ,5100,,,,,,,,,,,,,
,,,,,,,,,,,,,,
566192􏰂87􏰂5 ,5219,,,,,,,,,,,,,
,,,,,,,,,,,,,,
566191􏰂89􏰂7 ,5209,,,,,,,,,,,,,
,,,,,,,,,,,,,,
348635􏰂87􏰂0 ,16330,,,,,,,,,,,,,
,,,,,,,,,,,,,,
33089􏰂61􏰂1 ,106201,,,,,,,,,,,,,
,,,,,,,,,,,,,,
61􏰂82􏰂5 ,4401,,,,,,,,,,,,,
,,,,,,,,,,,,,,
84􏰂65􏰂1 ,122701,,,,,,,,,,,,,
,,,,,,,,,,,,,,
2650􏰂18􏰂2 ,110301,,,,,,,,,,,,,
,,,,,,,,,,,,,,
3337􏰂71􏰂1 ,106901,,,,,,,,,,,,,
,,,,,,,,,,,,,,
2302􏰂17􏰂2 ,106902,,,,,,,,,,,,,
,,,,,,,,,,,,,,
1912􏰂24􏰂9 ,80803,,,,,,,,,,,,,
,,,,,,,,,,,,,,
65195􏰂55􏰂3 ,122804,,,,,,,,,,,,,
,,,,,,,,,,,,,,
49669􏰂74􏰂1 ,129211,,,,,,,,,,,,,
,,,,,,,,,,,,,,
68049􏰂83􏰂2 ,119016,,,,,,,,,,,,,
,,,,,,,,,,,,,,
86􏰂50􏰂0 ,58001,,,,,,,,,,,,,
,,,,,,,,,,,,,,
131860􏰂33􏰂8 ,128810,,,,,,,,,,,,,
,,,,,,,,,,,,,,
98243􏰂83􏰂5 ,113510,,,,,,,,,,,,,
,,,,,,,,,,,,,,
22781􏰂23􏰂3 ,105201,,,,,,,,,,,,,
,,,,,,,,,,,,,,
1861􏰂40􏰂1 ,84301,,,,,,,,,,,,,
,,,,,,,,,,,,,,
17804􏰂35􏰂2 ,99101,,,,,,,,,,,,,
,,,,,,,,,,,,,,
741􏰂58􏰂2 ,9801,,,,,,,,,,,,,
,,,,,,,,,,,,,,
25057􏰂89􏰂0 ,275200,,,,,,,,,,,,,
,,,,,,,,,,,,,,
177406􏰂68􏰂7 ,98379,,,,,,,,,,,,,
,,,,,,,,,,,,,,
156963􏰂66􏰂5 ,215101,,,,,,,,,,,,,
,,,,,,,,,,,,,,
120􏰂51􏰂4 ,9501,,,,,,,,,,,,,
,,,,,,,,,,,,,,
68359􏰂37􏰂5 ,118831,,,,,,,,,,,,,
,,,,,,,,,,,,,,
365400􏰂11􏰂9 ,18986,,,,,,,,,,,,,
,,,,,,,,,,,,,,
149877􏰂41􏰂8 ,586,,,,,,,,,,,,,
,,,,,,,,,,,,,,
82657􏰂04􏰂3 ,128825,,,,,,,,,,,,,
,,,,,,,,,,,,,,
,,,,,,,,,,,,,,
,,,,,,,,,,,,,,
,,,,,,,,,,,,,,
,,,,,,,,,,,,,,
,,,,,,,,,,,,,,
,,,,,,,,,,,,,,
,,,,,,,,,,,,,,
584􏰂79􏰂2 ,4003,,,,,,,,,,,,,
,,,,,,,,,,,,,,
125401􏰂92􏰂5 ,78906,,,,,,,,,,,,,
,,,,,,,,,,,,,,
55179􏰂31􏰂2 ,117801,,,,,,,,,,,,,
,,,,,,,,,,,,,,
581809􏰂46􏰂3 ,128400,,,,,,,,,,,,,
,,,,,,,,,,,,,,
1303􏰂96􏰂4 ,11102,,,,,,,,,,,,,
,,,,,,,,,,,,,,
10043􏰂35􏰂3 ,11001,,,,,,,,,,,,,
,,,,,,,,,,,,,,
7440􏰂42􏰂8 ,128945,,,,,,,,,,,,,
,,,,,,,,,,,,,,
12008􏰂41􏰂2 ,11107,,,,,,,,,,,,,
,,,,,,,,,,,,,,
12280􏰂03􏰂4 ,11103,,,,,,,,,,,,,
,,,,,,,,,,,,,,
188425􏰂85􏰂6 ,128008,,,,,,,,,,,,,
,,,,,,,,,,,,,,
1207727􏰂04􏰂5 ,283200,,,,,,,,,,,,,
,,,,,,,,,,,,,,
314􏰂40􏰂9 ,12301,,,,,,,,,,,,,
,,,,,,,,,,,,,,
53404􏰂19􏰂6 ,12302,,,,,,,,,,,,,
,,,,,,,,,,,,,,
63333􏰂35􏰂7 ,112802,,,,,,,,,,,,,
,,,,,,,,,,,,,,
1689􏰂84􏰂5 ,35301,,,,,,,,,,,,,
,,,,,,,,,,,,,,
56634􏰂95􏰂8 ,128920,,,,,,,,,,,,,
,,,,,,,,,,,,,,
1689􏰂99􏰂2 ,35302,,,,,,,,,,,,,
,,,,,,,,,,,,,,
116255􏰂48􏰂2 ,120503,,,,,,,,,,,,,
,,,,,,,,,,,,,,
52􏰂51􏰂7 ,216400,,,,,,,,,,,,,
,,,,,,,,,,,,,,
69327􏰂76􏰂0 ,275100,,,,,,,,,,,,,
,,,,,,,,,,,,,,
23184􏰂66􏰂9 ,112301,,,,,,,,,,,,,
,,,,,,,,,,,,,,
134605􏰂64􏰂4 ,122004,,,,,,,,,,,,,
,,,,,,,,,,,,,,
9003􏰂13􏰂8 ,11901,,,,,,,,,,,,,
,,,,,,,,,,,,,,
33629􏰂47􏰂9 ,106501,,,,,,,,,,,,,
,,,,,,,,,,,,,,
2008􏰂41􏰂5 ,41405,,,,,,,,,,,,,
,,,,,,,,,,,,,,
75􏰂60􏰂5 ,12501,,,,,,,,,,,,,
,,,,,,,,,,,,,,
124􏰂65􏰂2 ,12502,,,,,,,,,,,,,
,,,,,,,,,,,,,,
95465􏰂99􏰂9 ,128864,,,,,,,,,,,,,
,,,,,,,,,,,,,,
2939􏰂80􏰂2 ,81701,,,,,,,,,,,,,
,,,,,,,,,,,,,,
133􏰂06􏰂2 ,81301,,,,,,,,,,,,,
,,,,,,,,,,,,,,
63􏰂25􏰂2 ,56801,,,,,,,,,,,,,
,,,,,,,,,,,,,,
10605􏰂21􏰂7 ,128872,,,,,,,,,,,,,
,,,,,,,,,,,,,,
1563􏰂66􏰂2 ,90601,,,,,,,,,,,,,
,,,,,,,,,,,,,,
5234􏰂68􏰂4 ,90201,,,,,,,,,,,,,
,,,,,,,,,,,,,,
128639􏰂02􏰂1 ,128712,,,,,,,,,,,,,
,,,,,,,,,,,,,,
500008􏰂45􏰂7 ,90100,,,,,,,,,,,,,
,,,,,,,,,,,,,,
6164􏰂98􏰂3 ,59701,,,,,,,,,,,,,
,,,,,,,,,,,,,,
54593􏰂83􏰂8 ,129006,,,,,,,,,,,,,
,,,,,,,,,,,,,,
122453􏰂73􏰂0 ,129093,,,,,,,,,,,,,
,,,,,,,,,,,,,,
,,,,,,,,,,,,,,
,,,,,,,,,,,,,,
,,,,,,,,,,,,,,
,,,,,,,,,,,,,,
,,,,,,,,,,,,,,
,,,,,,,,,,,,,,
,,,,,,,,,,,,,,
2536􏰂31􏰂4 ,98801,,,,,,,,,,,,,
,,,,,,,,,,,,,,
90982􏰂32􏰂4 ,128901,,,,,,,,,,,,,
,,,,,,,,,,,,,,
999􏰂81􏰂5 ,18101,,,,,,,,,,,,,
,,,,,,,,,,,,,,
106􏰂47􏰂8 ,17203,,,,,,,,,,,,,
,,,,,,,,,,,,,,
2675􏰂77􏰂6 ,27301,,,,,,,,,,,,,
,,,,,,,,,,,,,,
76􏰂06􏰂2 ,81501,,,,,,,,,,,,,
,,,,,,,,,,,,,,
1897􏰂45􏰂6 ,81901,,,,,,,,,,,,,
,,,,,,,,,,,,,,
101􏰂21􏰂3 ,18301,,,,,,,,,,,,,
,,,,,,,,,,,,,,
2921􏰂88􏰂2 ,59101,,,,,,,,,,,,,
,,,,,,,,,,,,,,
5598􏰂13􏰂0 ,59102,,,,,,,,,,,,,
,,,,,,,,,,,,,,
64902􏰂72􏰂3 ,118601,,,,,,,,,,,,,
,,,,,,,,,,,,,,
1861􏰂32􏰂1 ,78701,,,,,,,,,,,,,
,,,,,,,,,,,,,,
67􏰂97􏰂0 ,202901,,,,,,,,,,,,,
,,,,,,,,,,,,,,
7738􏰂94􏰂5 ,21101,,,,,,,,,,,,,
,,,,,,,,,,,,,,
99129􏰂21􏰂2 ,121011,,,,,,,,,,,,,
,,,,,,,,,,,,,,
105512􏰂06􏰂9 ,125203,,,,,,,,,,,,,
,,,,,,,,,,,,,,
82697􏰂71􏰂0 ,128726,,,,,,,,,,,,,
,,,,,,,,,,,,,,
74115􏰂24􏰂5 ,125501,,,,,,,,,,,,,
,,,,,,,,,,,,,,
81777􏰂89􏰂1 ,125401,,,,,,,,,,,,,
,,,,,,,,,,,,,,
1702􏰂17􏰂6 ,117403,,,,,,,,,,,,,
,,,,,,,,,,,,,,
57754􏰂85􏰂5 ,117401,,,,,,,,,,,,,
,,,,,,,,,,,,,,
58509􏰂83􏰂4 ,117423,,,,,,,,,,,,,
,,,,,,,,,,,,,,
119308􏰂91􏰂7 ,117404,,,,,,,,,,,,,
,,,,,,,,,,,,,,
99607􏰂70􏰂2 ,700099,,,,,,,,,,,,,
,,,,,,,,,,,,,,
147150􏰂35􏰂4 ,129116,,,,,,,,,,,,,
,,,,,,,,,,,,,,
210880􏰂92􏰂5 ,44309,,,,,,,,,,,,,
,,,,,,,,,,,,,,
6814􏰂58􏰂0 ,207100,,,,,,,,,,,,,
,,,,,,,,,,,,,,
68603􏰂42􏰂9 ,224600,,,,,,,,,,,,,
,,,,,,,,,,,,,,
20427􏰂59􏰂2 ,23401,,,,,,,,,,,,,
,,,,,,,,,,,,,,
56􏰂72􏰂4 ,36501,,,,,,,,,,,,,
,,,,,,,,,,,,,,
59􏰂50􏰂7 ,64206,,,,,,,,,,,,,
,,,,,,,,,,,,,,
15096􏰂52􏰂3 ,75101,,,,,,,,,,,,,
,,,,,,,,,,,,,,
99485􏰂76􏰂4 ,27902,,,,,,,,,,,,,
,,,,,,,,,,,,,,
21725􏰂46􏰂2 ,100101,,,,,,,,,,,,,
,,,,,,,,,,,,,,
736994􏰂63􏰂1 ,90098,,,,,,,,,,,,,
,,,,,,,,,,,,,,
120116􏰂88􏰂3 ,85651,,,,,,,,,,,,,
,,,,,,,,,,,,,,
113136􏰂77􏰂9 ,26201,,,,,,,,,,,,,
,,,,,,,,,,,,,,
1031756􏰂98􏰂5 ,26202,,,,,,,,,,,,,
,,,,,,,,,,,,,,
1134􏰂23􏰂2 ,41301,,,,,,,,,,,,,
,,,,,,,,,,,,,,
180409􏰂60􏰂3 ,555550,,,,,,,,,,,,,
,,,,,,,,,,,,,,
400882􏰂07􏰂7 ,138831,,,,,,,,,,,,,
,,,,,,,,,,,,,,
68359􏰂37􏰂5 ,128831,,,,,,,,,,,,,
,,,,,,,,,,,,,,
122008􏰂85􏰂9 ,82583,,,,,,,,,,,,,
,,,,,,,,,,,,,,
68085􏰂85􏰂8 ,128867,,,,,,,,,,,,,
,,,,,,,,,,,,,,
13121􏰂70􏰂5 ,101601,,,,,,,,,,,,,
,,,,,,,,,,,,,,
,,,,,,,,,,,,,,
,,,,,,,,,,,,,,
,,,,,,,,,,,,,,
,,,,,,,,,,,,,,
,,,,,,,,,,,,,,
,,,,,,,,,,,,,,
,,,,,,,,,,,,,,
57966􏰂95􏰂7 ,129106,,,,,,,,,,,,,
,,,,,,,,,,,,,,
52315􏰂07􏰂8 ,109702,,,,,,,,,,,,,
,,,,,,,,,,,,,,
39515􏰂40􏰂7 ,129013,,,,,,,,,,,,,
,,,,,,,,,,,,,,
94361􏰂06􏰂5 ,128993,,,,,,,,,,,,,
,,,,,,,,,,,,,,
121552􏰂61􏰂2 ,288202,,,,,,,,,,,,,
,,,,,,,,,,,,,,
221667􏰂31􏰂8 ,877400,,,,,,,,,,,,,
,,,,,,,,,,,,,,
66215􏰂27􏰂8 ,121301,,,,,,,,,,,,,
,,,,,,,,,,,,,,
584􏰂79􏰂2 ,4005,,,,,,,,,,,,,
,,,,,,,,,,,,,,
1596􏰂84􏰂5 ,35101,,,,,,,,,,,,,
,,,,,,,,,,,,,,
118􏰂52􏰂5 ,28501,,,,,,,,,,,,,
,,,,,,,,,,,,,,
533􏰂74􏰂4 ,35602,,,,,,,,,,,,,
,,,,,,,,,,,,,,
134􏰂62􏰂3 ,80301,,,,,,,,,,,,,
,,,,,,,,,,,,,,
52918􏰂63􏰂5 ,97805,,,,,,,,,,,,,
,,,,,,,,,,,,,,
944263􏰂65􏰂4 ,577501,,,,,,,,,,,,,
,,,,,,,,,,,,,,
13684􏰂56􏰂5 ,104801,,,,,,,,,,,,,
,,,,,,,,,,,,,,
333􏰂41􏰂5 ,57801,,,,,,,,,,,,,
,,,,,,,,,,,,,,
1918􏰂00􏰂9 ,29801,,,,,,,,,,,,,
,,,,,,,,,,,,,,
104040􏰂79􏰂1 ,100094,,,,,,,,,,,,,
,,,,,,,,,,,,,,
1194􏰂65􏰂6 ,27401,,,,,,,,,,,,,
,,,,,,,,,,,,,,
21634􏰂96􏰂8 ,98803,,,,,,,,,,,,,
,,,,,,,,,,,,,,
37764􏰂25􏰂3 ,900497,,,,,,,,,,,,,
,,,,,,,,,,,,,,
2008􏰂58􏰂4 ,27402,,,,,,,,,,,,,
,,,,,,,,,,,,,,
62􏰂73􏰂7 ,84001,,,,,,,,,,,,,
,,,,,,,,,,,,,,
51338􏰂27􏰂3 ,110902,,,,,,,,,,,,,
,,,,,,,,,,,,,,
99􏰂30􏰂9 ,31301,,,,,,,,,,,,,
,,,,,,,,,,,,,,
145701􏰂21􏰂9 ,129122,,,,,,,,,,,,,
,,,,,,,,,,,,,,
115􏰂32􏰂2 ,10501,,,,,,,,,,,,,
,,,,,,,,,,,,,,
141􏰂66􏰂2 ,35201,,,,,,,,,,,,,
,,,,,,,,,,,,,,
7173􏰂51􏰂5 ,69149,,,,,,,,,,,,,
,,,,,,,,,,,,,,
53780􏰂36􏰂2 ,114002,,,,,,,,,,,,,
,,,,,,,,,,,,,,
87130􏰂20􏰂9 ,112102,,,,,,,,,,,,,
,,,,,,,,,,,,,,
119446􏰂68􏰂3 ,128847,,,,,,,,,,,,,
,,,,,,,,,,,,,,
43222􏰂48􏰂6 ,106401,,,,,,,,,,,,,
,,,,,,,,,,,,,,
35367􏰂38􏰂5 ,108201,,,,,,,,,,,,,
,,,,,,,,,,,,,,
109293􏰂97􏰂2 ,5108,,,,,,,,,,,,,
,,,,,,,,,,,,,,
109293􏰂98􏰂3 ,5107,,,,,,,,,,,,,
,,,,,,,,,,,,,,
87674􏰂68􏰂8 ,129051,,,,,,,,,,,,,
,,,,,,,,,,,,,,
163515􏰂14􏰂8 ,120051,,,,,,,,,,,,,
,,,,,,,,,,,,,,
55290􏰂64􏰂7 ,118901,,,,,,,,,,,,,
,,,,,,,,,,,,,,
60􏰂51􏰂5 ,35001,,,,,,,,,,,,,
,,,,,,,,,,,,,,
110488􏰂70􏰂5 ,268800,,,,,,,,,,,,,
,,,,,,,,,,,,,,
828􏰂00􏰂2 ,1001,,,,,,,,,,,,,
,,,,,,,,,,,,,,
624􏰂92􏰂0 ,29088,,,,,,,,,,,,,
,,,,,,,,,,,,,,
115􏰂10􏰂6 ,900382,,,,,,,,,,,,,
,,,,,,,,,,,,,,
,,,,,,,,,,,,,,
,,,,,,,,,,,,,,
,,,,,,,,,,,,,,
,,,,,,,,,,,,,,
,,,,,,,,,,,,,,
,,,,,,,,,,,,,,
,,,,,,,,,,,,,,
16079􏰂88􏰂2 ,6315,,,,,,,,,,,,,
,,,,,,,,,,,,,,
39300􏰂45􏰂3 ,36001,,,,,,,,,,,,,
,,,,,,,,,,,,,,
88􏰂85􏰂7 ,37505,,,,,,,,,,,,,
,,,,,,,,,,,,,,
165252􏰂70􏰂0 ,44312,,,,,,,,,,,,,
,,,,,,,,,,,,,,
82􏰂66􏰂6 ,67701,,,,,,,,,,,,,
,,,,,,,,,,,,,,
122􏰂39􏰂4 ,38501,,,,,,,,,,,,,
,,,,,,,,,,,,,,
2764􏰂72􏰂9 ,32202,,,,,,,,,,,,,
,,,,,,,,,,,,,,
85􏰂00􏰂7 ,32201,,,,,,,,,,,,,
,,,,,,,,,,,,,,
7789􏰂12􏰂0 ,68306,,,,,,,,,,,,,
,,,,,,,,,,,,,,
144􏰂21􏰂8 ,13802,,,,,,,,,,,,,
,,,,,,,,,,,,,,
298􏰂04􏰂4 ,32501,,,,,,,,,,,,,
,,,,,,,,,,,,,,
3347􏰂22􏰂6 ,99201,,,,,,,,,,,,,
,,,,,,,,,,,,,,
97886􏰂45􏰂8 ,128994,,,,,,,,,,,,,
,,,,,,,,,,,,,,
330􏰂54􏰂1 ,35505,,,,,,,,,,,,,
,,,,,,,,,,,,,,
2439􏰂10􏰂3 ,44301,,,,,,,,,,,,,
,,,,,,,,,,,,,,
274671􏰂61􏰂3 ,69089,,,,,,,,,,,,,
,,,,,,,,,,,,,,
137512􏰂74􏰂4 ,122806,,,,,,,,,,,,,
,,,,,,,,,,,,,,
115􏰂29􏰂7 ,79401,,,,,,,,,,,,,
,,,,,,,,,,,,,,
145􏰂73􏰂3 ,38901,,,,,,,,,,,,,
,,,,,,,,,,,,,,
66330􏰂88􏰂9 ,38905,,,,,,,,,,,,,
,,,,,,,,,,,,,,
2164􏰂07􏰂0 ,38904,,,,,,,,,,,,,
,,,,,,,,,,,,,,
106325􏰂08􏰂0 ,123909,,,,,,,,,,,,,
,,,,,,,,,,,,,,
28434􏰂00􏰂6 ,4007,,,,,,,,,,,,,
,,,,,,,,,,,,,,
66230􏰂04􏰂4 ,109303,,,,,,,,,,,,,
,,,,,,,,,,,,,,
162650􏰂77􏰂3 ,90205,,,,,,,,,,,,,
,,,,,,,,,,,,,,
55283􏰂68􏰂6 ,113101,,,,,,,,,,,,,
,,,,,,,,,,,,,,
16672􏰂87􏰂0 ,99801,,,,,,,,,,,,,
,,,,,,,,,,,,,,
563􏰂12􏰂2 ,58401,,,,,,,,,,,,,
,,,,,,,,,,,,,,
181587􏰂01􏰂9 ,5550,,,,,,,,,,,,,
,,,,,,,,,,,,,,
26225􏰂79􏰂6 ,110601,,,,,,,,,,,,,
,,,,,,,,,,,,,,
13194􏰂48􏰂4 ,41101,,,,,,,,,,,,,
,,,,,,,,,,,,,,
91􏰂53􏰂2 ,55501,,,,,,,,,,,,,
,,,,,,,,,,,,,,
759􏰂94􏰂4 ,41401,,,,,,,,,,,,,
,,,,,,,,,,,,,,
96􏰂45􏰂7 ,600016,,,,,,,,,,,,,
,,,,,,,,,,,,,,
80844􏰂07􏰂1 ,128965,,,,,,,,,,,,,
,,,,,,,,,,,,,,
153233􏰂91􏰂1 ,107091,,,,,,,,,,,,,
,,,,,,,,,,,,,,
131807􏰂57􏰂3 ,113202,,,,,,,,,,,,,
,,,,,,,,,,,,,,
161326􏰂34􏰂7 ,46679,,,,,,,,,,,,,
,,,,,,,,,,,,,,
22224􏰂92􏰂6 ,100601,,,,,,,,,,,,,
,,,,,,,,,,,,,,
60168􏰂88􏰂9 ,206600,,,,,,,,,,,,,
,,,,,,,,,,,,,,
120928􏰂09􏰂8 ,44501,,,,,,,,,,,,,
,,,,,,,,,,,,,,
114369􏰂43􏰂6 ,129011,,,,,,,,,,,,,
,,,,,,,,,,,,,,
13356􏰂08􏰂6 ,104601,,,,,,,,,,,,,
,,,,,,,,,,,,,,
126833􏰂17􏰂8 ,90209,,,,,,,,,,,,,
,,,,,,,,,,,,,,
,,,,,,,,,,,,,,
,,,,,,,,,,,,,,
,,,,,,,,,,,,,,
,,,,,,,,,,,,,,
,,,,,,,,,,,,,,
,,,,,,,,,,,,,,
,,,,,,,,,,,,,,
122􏰂14􏰂5 ,105901,,,,,,,,,,,,,
,,,,,,,,,,,,,,
9015􏰂56􏰂9 ,128701,,,,,,,,,,,,,
,,,,,,,,,,,,,,
71283􏰂80􏰂2 ,129092,,,,,,,,,,,,,
,,,,,,,,,,,,,,
72490􏰂01􏰂8 ,125301,,,,,,,,,,,,,
,,,,,,,,,,,,,,
517875􏰂34􏰂2 ,82566,,,,,,,,,,,,,
,,,,,,,,,,,,,,
39515􏰂41􏰂8 ,127901,,,,,,,,,,,,,
,,,,,,,,,,,,,,
67306􏰂00􏰂7 ,12305,,,,,,,,,,,,,
,,,,,,,,,,,,,,
67564􏰂91􏰂4 ,121402,,,,,,,,,,,,,
,,,,,,,,,,,,,,
473798􏰂59􏰂3 ,90109,,,,,,,,,,,,,
,,,,,,,,,,,,,,
134098􏰂61􏰂6 ,129131,,,,,,,,,,,,,
,,,,,,,,,,,,,,
55􏰂38􏰂9 ,53301,,,,,,,,,,,,,
,,,,,,,,,,,,,,
51630􏰂58􏰂1 ,109301,,,,,,,,,,,,,
,,,,,,,,,,,,,,
14484–64–1 ,34801,,,,,,,,,,,,,
,,,,,,,,,,,,,,
120068􏰂37􏰂3 ,129121,,,,,,,,,,,,,
,,,,,,,,,,,,,,
104040􏰂78􏰂0 ,119011,,,,,,,,,,,,,
,,,,,,,,,,,,,,
158062􏰂67􏰂0 ,128016,,,,,,,,,,,,,
,,,,,,,,,,,,,,
145701􏰂23􏰂1 ,129108,,,,,,,,,,,,,
,,,,,,,,,,,,,,
1390661􏰂72􏰂9 ,30093,,,,,,,,,,,,,
,,,,,,,,,,,,,,
1254304􏰂22􏰂7 ,129777,,,,,,,,,,,,,
,,,,,,,,,,,,,,
69806􏰂50􏰂4 ,122805,,,,,,,,,,,,,
,,,,,,,,,,,,,,
79241􏰂46􏰂6 ,122809,,,,,,,,,,,,,
,,,,,,,,,,,,,,
79622􏰂59􏰂6 ,129098,,,,,,,,,,,,,
,,,,,,,,,,,,,,
272451􏰂65􏰂7 ,27602,,,,,,,,,,,,,
,,,,,,,,,,,,,,
181274􏰂17􏰂9 ,114009,,,,,,,,,,,,,
,,,,,,,,,,,,,,
131341􏰂86􏰂1 ,71503,,,,,,,,,,,,,
,,,,,,,,,,,,,,
318290􏰂98􏰂1 ,50410,,,,,,,,,,,,,
,,,,,,,,,,,,,,
142459􏰂58􏰂3 ,121903,,,,,,,,,,,,,
,,,,,,,,,,,,,,
101463􏰂69􏰂8 ,108203,,,,,,,,,,,,,
,,,,,,,,,,,,,,
188489􏰂07􏰂8 ,108853,,,,,,,,,,,,,
,,,,,,,,,,,,,,
1383809􏰂87􏰂7 ,138008,,,,,,,,,,,,,
,,,,,,,,,,,,,,
69770􏰂45􏰂2 ,36007,,,,,,,,,,,,,
,,,,,,,,,,,,,,
62924􏰂70􏰂3 ,123001,,,,,,,,,,,,,
,,,,,,,,,,,,,,
98967􏰂40􏰂9 ,129016,,,,,,,,,,,,,
,,,,,,,,,,,,,,
87546􏰂18􏰂7 ,128724,,,,,,,,,,,,,
,,,,,,,,,,,,,,
103361􏰂09􏰂7 ,129034,,,,,,,,,,,,,
,,,,,,,,,,,,,,
2164􏰂17􏰂2 ,35503,,,,,,,,,,,,,
,,,,,,,,,,,,,,
239110􏰂15􏰂7 ,27412,,,,,,,,,,,,,
,,,,,,,,,,,,,,
658066􏰂35􏰂4 ,80302,,,,,,,,,,,,,
,,,,,,,,,,,,,,
361377􏰂29􏰂9 ,28869,,,,,,,,,,,,,
,,,,,,,,,,,,,,
951659􏰂40􏰂8 ,122304,,,,,,,,,,,,,
,,,,,,,,,,,,,,
1216􏰂44􏰂0 ,98802,,,,,,,,,,,,,
,,,,,,,,,,,,,,
59756􏰂60􏰂4 ,112900,,,,,,,,,,,,,
,,,,,,,,,,,,,,
81406􏰂37􏰂3 ,128968,,,,,,,,,,,,,
,,,,,,,,,,,,,,
69377􏰂81􏰂7 ,128959,,,,,,,,,,,,,
,,,,,,,,,,,,,,
,,,,,,,,,,,,,,
,,,,,,,,,,,,,,
,,,,,,,,,,,,,,
,,,,,,,,,,,,,,
,,,,,,,,,,,,,,
,,,,,,,,,,,,,,
,,,,,,,,,,,,,,
56425􏰂91􏰂3 ,125701,,,,,,,,,,,,,
,,,,,,,,,,,,,,
117337􏰂19􏰂6 ,108803,,,,,,,,,,,,,
,,,,,,,,,,,,,,
958647􏰂10􏰂4 ,14018,,,,,,,,,,,,,
,,,,,,,,,,,,,,
66332􏰂96􏰂5 ,128975,,,,,,,,,,,,,
,,,,,,,,,,,,,,
76674􏰂21􏰂0 ,128940,,,,,,,,,,,,,
,,,,,,,,,,,,,,
928783􏰂29􏰂3 ,80304,,,,,,,,,,,,,
,,,,,,,,,,,,,,
907204􏰂31􏰂3 ,138009,,,,,,,,,,,,,
,,,,,,,,,,,,,,
133􏰂07􏰂3 ,81601,,,,,,,,,,,,,
,,,,,,,,,,,,,,
72178􏰂02􏰂0 ,123803,,,,,,,,,,,,,
,,,,,,,,,,,,,,
108731􏰂70􏰂0 ,123802,,,,,,,,,,,,,
,,,,,,,,,,,,,,
944􏰂22􏰂9 ,41701,,,,,,,,,,,,,
,,,,,,,,,,,,,,
68157􏰂60􏰂8 ,128819,,,,,,,,,,,,,
,,,,,,,,,,,,,,
173159􏰂57􏰂4 ,122020,,,,,,,,,,,,,
,,,,,,,,,,,,,,
23422􏰂53􏰂9 ,97301,,,,,,,,,,,,,
,,,,,,,,,,,,,,
39148􏰂24􏰂8 ,123301,,,,,,,,,,,,,
,,,,,,,,,,,,,,
98886􏰂44􏰂3 ,129022,,,,,,,,,,,,,
,,,,,,,,,,,,,,
98􏰂01􏰂1 ,43301,,,,,,,,,,,,,
,,,,,,,,,,,,,,
98􏰂00􏰂0 ,643300,,,,,,,,,,,,,
,,,,,,,,,,,,,,
121776􏰂33􏰂8 ,911596,,,,,,,,,,,,,
,,,,,,,,,,,,,,
60568􏰂05􏰂0 ,122601,,,,,,,,,,,,,
,,,,,,,,,,,,,,
1373256􏰂33􏰂7 ,128662,,,,,,,,,,,,,
,,,,,,,,,,,,,,
76703􏰂62􏰂3 ,128807,,,,,,,,,,,,,
,,,,,,,,,,,,,,
22248􏰂79􏰂9 ,83702,,,,,,,,,,,,,
,,,,,,,,,,,,,,
1403􏰂66􏰂3 ,6324,,,,,,,,,,,,,
,,,,,,,,,,,,,,
1405􏰂41􏰂0 ,6325,,,,,,,,,,,,,
,,,,,,,,,,,,,,
77182􏰂82􏰂2 ,128850,,,,,,,,,,,,,
,,,,,,,,,,,,,,
111􏰂30􏰂8 ,43901,,,,,,,,,,,,,
,,,,,,,,,,,,,,
556􏰂52􏰂5 ,701,,,,,,,,,,,,,
,,,,,,,,,,,,,,
1071􏰂83􏰂6 ,417300,,,,,,,,,,,,,
,,,,,,,,,,,,,,
9034􏰂40􏰂6 ,116800,,,,,,,,,,,,,
,,,,,,,,,,,,,,
943831􏰂98􏰂9 ,117501,,,,,,,,,,,,,
,,,,,,,,,,,,,,
100784􏰂20􏰂1 ,128721,,,,,,,,,,,,,
,,,,,,,,,,,,,,
69806􏰂40􏰂2 ,125201,,,,,,,,,,,,,
,,,,,,,,,,,,,,
79983􏰂71􏰂4 ,128925,,,,,,,,,,,,,
,,,,,,,,,,,,,,
18540􏰂29􏰂9 ,021101; 068302; 068304; 068306 ,,,,,,,,,,,,,
,,,,,,,,,,,,,,
51235􏰂04􏰂2 ,107201,,,,,,,,,,,,,
,,,,,,,,,,,,,,
78587􏰂05􏰂0 ,128849,,,,,,,,,,,,,
,,,,,,,,,,,,,,
135590􏰂91􏰂9 ,811800,,,,,,,,,,,,,
,,,,,,,,,,,,,,
67485􏰂29􏰂4 ,118401,,,,,,,,,,,,,
,,,,,,,,,,,,,,
,,,,,,,,,,,,,,
,,,,,,,,,,,,,,
,,,,,,,,,,,,,,
,,,,,,,,,,,,,,
,,,,,,,,,,,,,,
,,,,,,,,,,,,,,
,,,,,,,,,,,,,,
420􏰂04􏰂2 ,14002,,,,,,,,,,,,,
,,,,,,,,,,,,,,
74􏰂90􏰂8 ,45801,,,,,,,,,,,,,
,,,,,,,,,,,,,,
41096􏰂46􏰂2 ,486300,,,,,,,,,,,,,
,,,,,,,,,,,,,,
2163􏰂68􏰂0 ,600803,,,,,,,,,,,,,
,,,,,,,,,,,,,,
10004􏰂44􏰂1 ,129107,,,,,,,,,,,,,
,,,,,,,,,,,,,,
35554􏰂44􏰂0 ,111901,,,,,,,,,,,,,
,,,,,,,,,,,,,,
58594􏰂72􏰂2 ,111902,,,,,,,,,,,,,
,,,,,,,,,,,,,,
81405􏰂85􏰂8 ,128842,,,,,,,,,,,,,
,,,,,,,,,,,,,,
114311􏰂32􏰂9 ,129171,,,,,,,,,,,,,
,,,,,,,,,,,,,,
81334􏰂60􏰂3 ,129041,,,,,,,,,,,,,
,,,,,,,,,,,,,,
104098􏰂49􏰂9 ,128943,,,,,,,,,,,,,
,,,,,,,,,,,,,,
81334􏰂34􏰂1 ,128821,,,,,,,,,,,,,
,,,,,,,,,,,,,,
81335􏰂37􏰂7 ,128848,,,,,,,,,,,,,
,,,,,,,,,,,,,,
81335􏰂47􏰂9 ,128840,,,,,,,,,,,,,
,,,,,,,,,,,,,,
81335􏰂46􏰂8 ,129023,,,,,,,,,,,,,
,,,,,,,,,,,,,,
81335􏰂77􏰂5 ,128922,,,,,,,,,,,,,
,,,,,,,,,,,,,,
101917􏰂66􏰂2 ,128923,,,,,,,,,,,,,
,,,,,,,,,,,,,,
122548􏰂33􏰂8 ,118602,,,,,,,,,,,,,
,,,,,,,,,,,,,,
105827􏰂78􏰂9 ,129099,,,,,,,,,,,,,
,,,,,,,,,,,,,,
72963􏰂72􏰂5 ,4006,,,,,,,,,,,,,
,,,,,,,,,,,,,,
950782􏰂86􏰂2 ,80818,,,,,,,,,,,,,
,,,,,,,,,,,,,,
173584􏰂44􏰂6 ,67710,,,,,,,,,,,,,
,,,,,,,,,,,,,,
7681􏰂57􏰂4 ,111409,,,,,,,,,,,,,
,,,,,,,,,,,,,,
7446􏰂09􏰂05 ,77601,,,,,,,,,,,,,
,,,,,,,,,,,,,,
1352994􏰂67􏰂2 ,90114,,,,,,,,,,,,,
,,,,,,,,,,,,,,
74􏰂88􏰂4 ,11,,,,,,,,,,,,,
,,,,,,,,,,,,,,
144550􏰂36􏰂7 ,122021,,,,,,,,,,,,,
,,,,,,,,,,,,,,
1314008􏰂27􏰂9 ,129120,,,,,,,,,,,,,
,,,,,,,,,,,,,,
125225􏰂28􏰂7 ,125618,,,,,,,,,,,,,
,,,,,,,,,,,,,,
36734􏰂19􏰂7 ,109801,,,,,,,,,,,,,
,,,,,,,,,,,,,,
140923􏰂17􏰂7 ,98359,,,,,,,,,,,,,
,,,,,,,,,,,,,,
25311􏰂71􏰂1 ,109401,,,,,,,,,,,,,
,,,,,,,,,,,,,,
875915􏰂78􏰂9 ,270000,,,,,,,,,,,,,
,,,,,,,,,,,,,,
78􏰂59􏰂1 ,47401,,,,,,,,,,,,,
,,,,,,,,,,,,,,
50512􏰂35􏰂1 ,68300,,,,,,,,,,,,,
,,,,,,,,,,,,,,
881685􏰂58􏰂1 ,129222,,,,,,,,,,,,,
,,,,,,,,,,,,,,
224049􏰂04􏰂1 ,129130,,,,,,,,,,,,,
,,,,,,,,,,,,,,
82558􏰂50􏰂7 ,125851,,,,,,,,,,,,,
,,,,,,,,,,,,,,
163520􏰂33􏰂0 ,823000,,,,,,,,,,,,,
,,,,,,,,,,,,,,
141112􏰂29􏰂0 ,123000,,,,,,,,,,,,,
,,,,,,,,,,,,,,
6980􏰂18􏰂3 ,230001,,,,,,,,,,,,,
,,,,,,,,,,,,,,
55965􏰂84􏰂9 ,107106,,,,,,,,,,,,,
,,,,,,,,,,,,,,
119515􏰂38􏰂7 ,70705,,,,,,,,,,,,,
,,,,,,,,,,,,,,
143390􏰂89􏰂0 ,129111,,,,,,,,,,,,,
,,,,,,,,,,,,,,
77501􏰂63􏰂4 ,128888,,,,,,,,,,,,,
,,,,,,,,,,,,,,
,,,,,,,,,,,,,,
,,,,,,,,,,,,,,
,,,,,,,,,,,,,,
,,,,,,,,,,,,,,
,,,,,,,,,,,,,,
,,,,,,,,,,,,,,
,,,,,,,,,,,,,,
91465􏰂08􏰂6 ,128897,,,,,,,,,,,,,
,,,,,,,,,,,,,,
58􏰂89􏰂9 ,9001,,,,,,,,,,,,,
,,,,,,,,,,,,,,
330􏰂55􏰂2 ,35506,,,,,,,,,,,,,
,,,,,,,,,,,,,,
121􏰂75􏰂5 ,57701,,,,,,,,,,,,,
,,,,,,,,,,,,,,
123􏰂33􏰂1 ,51501,,,,,,,,,,,,,
,,,,,,,,,,,,,,
8018􏰂01􏰂7 ,14504,,,,,,,,,,,,,
,,,,,,,,,,,,,,
173662􏰂97􏰂0 ,36603,,,,,,,,,,,,,
,,,,,,,,,,,,,,
374726􏰂62􏰂2 ,36602,,,,,,,,,,,,,
,,,,,,,,,,,,,,
12427􏰂38􏰂2 ,14505,,,,,,,,,,,,,
,,,,,,,,,,,,,,
120067􏰂83􏰂6 ,600050,,,,,,,,,,,,,
,,,,,,,,,,,,,,
94􏰂74􏰂6 ,30501,,,,,,,,,,,,,
,,,,,,,,,,,,,,
29450􏰂45􏰂1 ,30564,,,,,,,,,,,,,
,,,,,,,,,,,,,,
2039􏰂46􏰂5 ,30516,,,,,,,,,,,,,
,,,,,,,,,,,,,,
3653􏰂48􏰂3 ,30502,,,,,,,,,,,,,
,,,,,,,,,,,,,,
94􏰂81􏰂5 ,19201,,,,,,,,,,,,,
,,,,,,,,,,,,,,
6062􏰂26􏰂6 ,19202,,,,,,,,,,,,,
,,,,,,,,,,,,,,
66423􏰂05􏰂0 ,119046,,,,,,,,,,,,,
,,,,,,,,,,,,,,
66423􏰂09􏰂4 ,31520,,,,,,,,,,,,,
,,,,,,,,,,,,,,
7085􏰂19􏰂0 ,31501,,,,,,,,,,,,,
,,,,,,,,,,,,,,
32351􏰂70􏰂5 ,31519,,,,,,,,,,,,,
,,,,,,,,,,,,,,
16484􏰂77􏰂8 ,129046,,,,,,,,,,,,,
,,,,,,,,,,,,,,
1929􏰂86􏰂8 ,31503,,,,,,,,,,,,,
,,,,,,,,,,,,,,
70630􏰂17􏰂0 ,113502,,,,,,,,,,,,,
,,,,,,,,,,,,,,
1417782􏰂03􏰂6 ,122000,,,,,,,,,,,,,
,,,,,,,,,,,,,,
53780􏰂34􏰂0 ,114001,,,,,,,,,,,,,
,,,,,,,,,,,,,,
108􏰂78􏰂1 ,777201,,,,,,,,,,,,,
,,,,,,,,,,,,,,
110235􏰂47􏰂7 ,288203,,,,,,,,,,,,,
,,,,,,,,,,,,,,
15302􏰂91􏰂7 ,109081,,,,,,,,,,,,,
,,,,,,,,,,,,,,
24307􏰂26􏰂4 ,109101,,,,,,,,,,,,,
,,,,,,,,,,,,,,
245735􏰂90􏰂4 ,109105,,,,,,,,,,,,,
,,,,,,,,,,,,,,
131􏰂72􏰂6 ,36000,,,,,,,,,,,,,
,,,,,,,,,,,,,,
149􏰂30􏰂4 ,51701,,,,,,,,,,,,,
,,,,,,,,,,,,,,
208465􏰂21􏰂8 ,122009,,,,,,,,,,,,,
,,,,,,,,,,,,,,
104206􏰂82􏰂8 ,122990,,,,,,,,,,,,,
,,,,,,,,,,,,,,
139968􏰂49􏰂3 ,281250,,,,,,,,,,,,,
,,,,,,,,,,,,,,
139970􏰂56􏰂2 ,281251,,,,,,,,,,,,,
,,,,,,,,,,,,,,
57837􏰂19􏰂1 ,113501,,,,,,,,,,,,,
,,,,,,,,,,,,,,
108􏰂62􏰂3 ,53001,,,,,,,,,,,,,
,,,,,,,,,,,,,,
137􏰂41􏰂7 ,39002,,,,,,,,,,,,,
,,,,,,,,,,,,,,
137􏰂42􏰂8 ,39003,,,,,,,,,,,,,
,,,,,,,,,,,,,,
125116􏰂23􏰂6 ,125619,,,,,,,,,,,,,
,,,,,,,,,,,,,,
10265􏰂92􏰂6 ,101201,,,,,,,,,,,,,
,,,,,,,,,,,,,,
950􏰂37􏰂8 ,100301,,,,,,,,,,,,,
,,,,,,,,,,,,,,
,,,,,,,,,,,,,,
,,,,,,,,,,,,,,
,,,,,,,,,,,,,,
,,,,,,,,,,,,,,
,,,,,,,,,,,,,,
,,,,,,,,,,,,,,
,,,,,,,,,,,,,,
2032􏰂65􏰂7 ,100501,,,,,,,,,,,,,
,,,,,,,,,,,,,,
403640􏰂27􏰂7 ,90088,,,,,,,,,,,,,
,,,,,,,,,,,,,,
16752􏰂77􏰂5 ,90301,,,,,,,,,,,,,
,,,,,,,,,,,,,,
161050􏰂58􏰂4 ,121027,,,,,,,,,,,,,
,,,,,,,,,,,,,,
74􏰂83􏰂9 ,53201,,,,,,,,,,,,,
,,,,,,,,,,,,,,
6317􏰂18􏰂6 ,68103,,,,,,,,,,,,,
,,,,,,,,,,,,,,
298􏰂00􏰂0 ,53501,,,,,,,,,,,,,
,,,,,,,,,,,,,,
9006􏰂42􏰂2 ,14601,,,,,,,,,,,,,
,,,,,,,,,,,,,,
240494􏰂70􏰂6 ,109709,,,,,,,,,,,,,
,,,,,,,,,,,,,,
51218􏰂45􏰂2 ,108801,,,,,,,,,,,,,
,,,,,,,,,,,,,,
220899􏰂03􏰂6 ,325,,,,,,,,,,,,,
,,,,,,,,,,,,,,
21087􏰂64􏰂9 ,101101,,,,,,,,,,,,,
,,,,,,,,,,,,,,
74223􏰂64􏰂6 ,122010,,,,,,,,,,,,,
,,,,,,,,,,,,,,
7786􏰂34􏰂7 ,15801,,,,,,,,,,,,,
,,,,,,,,,,,,,,
113􏰂48􏰂4 ,57001,,,,,,,,,,,,,
,,,,,,,,,,,,,,
8012􏰂95􏰂1 ,63502,,,,,,,,,,,,,
,,,,,,,,,,,,,,
64742􏰂56􏰂9 ,63500,,,,,,,,,,,,,
,,,,,,,,,,,,,,
2212􏰂67􏰂1 ,41402,,,,,,,,,,,,,
,,,,,,,,,,,,,,
609346􏰂29􏰂4 ,16331,,,,,,,,,,,,,
,,,,,,,,,,,,,,
71526􏰂07􏰂3 ,600046,,,,,,,,,,,,,
,,,,,,,,,,,,,,
2163􏰂80􏰂6 ,13803,,,,,,,,,,,,,
,,,,,,,,,,,,,,
136􏰂45􏰂8 ,47201,,,,,,,,,,,,,
,,,,,,,,,,,,,,
5902􏰂95􏰂4 ,13806,,,,,,,,,,,,,
,,,,,,,,,,,,,,
88671􏰂89􏰂0 ,128857,,,,,,,,,,,,,
,,,,,,,,,,,,,,
86􏰂87􏰂3 ,56002,,,,,,,,,,,,,
,,,,,,,,,,,,,,
86􏰂86􏰂2 ,56001,,,,,,,,,,,,,
,,,,,,,,,,,,,,
25545􏰂89􏰂5 ,56004,,,,,,,,,,,,,
,,,,,,,,,,,,,,
2122􏰂70􏰂5 ,56008,,,,,,,,,,,,,
,,,,,,,,,,,,,,
15165􏰂79􏰂4 ,56003,,,,,,,,,,,,,
,,,,,,,,,,,,,,
61􏰂31􏰂4 ,56007,,,,,,,,,,,,,
,,,,,,,,,,,,,,
300􏰂76􏰂5 ,34401,,,,,,,,,,,,,
,,,,,,,,,,,,,,
91􏰂20􏰂3 ,55801,,,,,,,,,,,,,
,,,,,,,,,,,,,,
15299􏰂99􏰂7 ,103001,,,,,,,,,,,,,
,,,,,,,,,,,,,,
132􏰂67􏰂2 ,30703,,,,,,,,,,,,,
,,,,,,,,,,,,,,
330􏰂95􏰂0 ,85712,,,,,,,,,,,,,
,,,,,,,,,,,,,,
111991􏰂09􏰂4 129008 ,Group E􏰂􏰂Evidence Of Non􏰂Carcinogenicity For Humans. ,,,,,,,,,,,,,
,,,,,,,,,,,,,,
1929􏰂8-2􏰂4 069203 27314􏰂13􏰂2 105801 116714􏰂46􏰂6 124002 121451􏰂02􏰂3 118204 ,Not Likely To Be Carcinogenic To Humans: At Doses That Do Not Result In CAR Activation As Indicated By Cyp2b10 Expression. ,,,,,,,,,,,,,
,,,,,,,,,,,,,,
,,,,,,,,,,,,,,
,,,,,,,,,,,,,,
,,,,,,,,,,,,,,
,,,,,,,,,,,,,,
-6.83391E-10,,,,,,,,,,,,,,
,,,,,,,,,,,,,,
,,,,,,,,,,,,,,
,,,,,,,,,,,,,,
,,,,,,,,,,,,,,
,,,,,,,,,,,,,,
,,,,,,,,,,,,,,
,,,,,,,,,,,,,,
,,,,,,,,,,,,,,
,,,,,,,,,,,,,,
,,,,,,,,,,,,,,
,,,,,,,,,,,,,,
,,,,,,,,,,,,,,
90􏰂43􏰂7 ,64103,,,,,,,,,,,,,
,,,,,,,,,,,,,,
132􏰂27􏰂4 ,64104,,,,,,,,,,,,,
,,,,,,,,,,,,,,
213464􏰂77􏰂8 ,108209,,,,,,,,,,,,,
,,,,,,,,,,,,,,
19044􏰂88􏰂3 ,104201,,,,,,,,,,,,,
,,,,,,,,,,,,,,
19666􏰂30􏰂9 ,109001,,,,,,,,,,,,,
,,,,,,,,,,,,,,
77732􏰂09􏰂3 ,126701,,,,,,,,,,,,,
,,,,,,,,,,,,,,
23135􏰂22􏰂0 ,103801,,,,,,,,,,,,,
,,,,,,,,,,,,,,
1003318􏰂67􏰂9 ,128111,,,,,,,,,,,,,
,,,,,,,,,,,,,,
5259􏰂88􏰂1 ,90202,,,,,,,,,,,,,
,,,,,,,,,,,,,,
301􏰂12􏰂2 ,58702,,,,,,,,,,,,,
,,,,,,,,,,,,,,
42874􏰂03􏰂3 ,111601,,,,,,,,,,,,,
,,,,,,,,,,,,,,
79􏰂57􏰂2 ,6304,,,,,,,,,,,,,
,,,,,,,,,,,,,,
7179􏰂50􏰂2 ,6321,,,,,,,,,,,,,
,,,,,,,,,,,,,,
2058􏰂46􏰂0 ,6308,,,,,,,,,,,,,
,,,,,,,,,,,,,,
2439􏰂01􏰂2 ,54101,,,,,,,,,,,,,
,,,,,,,,,,,,,,
76738􏰂62􏰂0 ,125601,,,,,,,,,,,,,
,,,,,,,,,,,,,,
106􏰂46􏰂7 ,61501,,,,,,,,,,,,,
,,,,,,,,,,,,,,
30525􏰂89􏰂4 ,43002,,,,,,,,,,,,,
,,,,,,,,,,,,,,
100􏰂02􏰂7 ,56301,,,,,,,,,,,,,
,,,,,,,,,,,,,,
1910􏰂42􏰂5 ,61601,,,,,,,,,,,,,
,,,,,,,,,,,,,,
56􏰂38􏰂2 ,57501,,,,,,,,,,,,,
,,,,,,,,,,,,,,
1114􏰂71􏰂2 ,41403,,,,,,,,,,,,,
,,,,,,,,,,,,,,
40487􏰂42􏰂1 ,108501,,,,,,,,,,,,,
,,,,,,,,,,,,,,
494793􏰂67􏰂8 ,100249,,,,,,,,,,,,,
,,,,,,,,,,,,,,
219714􏰂96􏰂2 ,119031,,,,,,,,,,,,,
,,,,,,,,,,,,,,
82􏰂68􏰂8 ,56502,,,,,,,,,,,,,
,,,,,,,,,,,,,,
87􏰂86􏰂5 ,63001,,,,,,,,,,,,,
,,,,,,,,,,,,,,
183675􏰂82􏰂3 ,90112,,,,,,,,,,,,,
,,,,,,,,,,,,,,
52645􏰂53􏰂1 ,109701,,,,,,,,,,,,,
,,,,,,,,,,,,,,
106700􏰂29􏰂2 ,90208,,,,,,,,,,,,,
,,,,,,,,,,,,,,
13684􏰂63􏰂4 ,98701,,,,,,,,,,,,,
,,,,,,,,,,,,,,
32289􏰂58􏰂0 ,111801,,,,,,,,,,,,,
,,,,,,,,,,,,,,
298􏰂02􏰂2 ,57201,,,,,,,,,,,,,
,,,,,,,,,,,,,,
2310􏰂17􏰂0 ,97701,,,,,,,,,,,,,
,,,,,,,,,,,,,,
732􏰂11􏰂6 ,59201,,,,,,,,,,,,,
,,,,,,,,,,,,,,
13171􏰂21􏰂6 ,18201,,,,,,,,,,,,,
,,,,,,,,,,,,,,
96182􏰂53􏰂5 ,129086,,,,,,,,,,,,,
,,,,,,,,,,,,,,
500207􏰂04􏰂5 ,44200,,,,,,,,,,,,,
,,,,,,,,,,,,,,
1918􏰂02􏰂1 ,5101,,,,,,,,,,,,,
,,,,,,,,,,,,,,
26952􏰂20􏰂5 ,5103,,,,,,,,,,,,,
,,,,,,,,,,,,,,
,,,,,,,,,,,,,,
,,,,,,,,,,,,,,
,,,,,,,,,,,,,,
,,,,,,,,,,,,,,
,,,,,,,,,,,,,,
,,,,,,,,,,,,,,
,,,,,,,,,,,,,,
2545􏰂60􏰂0 ,5104,,,,,,,,,,,,,
,,,,,,,,,,,,,,
6753􏰂47􏰂5 ,5102,,,,,,,,,,,,,
,,,,,,,,,,,,,,
117428􏰂22􏰂5 ,129200,,,,,,,,,,,,,
,,,,,,,,,,,,,,
243973􏰂20􏰂8 ,147500,,,,,,,,,,,,,
,,,,,,,,,,,,,,
51􏰂03􏰂6 ,67501,,,,,,,,,,,,,
,,,,,,,,,,,,,,
23103􏰂98􏰂2 ,106101,,,,,,,,,,,,,
,,,,,,,,,,,,,,
29232􏰂93􏰂7 ,108102,,,,,,,,,,,,,
,,,,,,,,,,,,,,
214710􏰂34􏰂6 ,103679,,,,,,,,,,,,,
,,,,,,,,,,,,,,
7778􏰂50􏰂9 ,68302,,,,,,,,,,,,,
,,,,,,,,,,,,,,
83601􏰂83􏰂6 ,114003,,,,,,,,,,,,,
,,,,,,,,,,,,,,
23031􏰂36􏰂9 ,128722,,,,,,,,,,,,,
,,,,,,,,,,,,,,
86209􏰂51􏰂0 ,128973,,,,,,,,,,,,,
,,,,,,,,,,,,,,
67747􏰂09􏰂5 ,128851,,,,,,,,,,,,,
,,,,,,,,,,,,,,
32809􏰂16􏰂8 ,129044,,,,,,,,,,,,,
,,,,,,,,,,,,,,
29091􏰂21􏰂2 ,110201,,,,,,,,,,,,,
,,,,,,,,,,,,,,
41198􏰂08􏰂7 ,111401,,,,,,,,,,,,,
,,,,,,,,,,,,,,
127277􏰂53􏰂6 ,112600,,,,,,,,,,,,,
,,,,,,,,,,,,,,
1610􏰂18􏰂0 ,80804,,,,,,,,,,,,,
,,,,,,,,,,,,,,
7287􏰂19􏰂6 ,80805,,,,,,,,,,,,,
,,,,,,,,,,,,,,
23950􏰂58􏰂5 ,101701,,,,,,,,,,,,,
,,,,,,,,,,,,,,
1918􏰂16􏰂7 ,19101,,,,,,,,,,,,,
,,,,,,,,,,,,,,
24579􏰂73􏰂5 ,119301,,,,,,,,,,,,,
,,,,,,,,,,,,,,
25606􏰂41􏰂1 ,119302,,,,,,,,,,,,,
,,,,,,,,,,,,,,
709􏰂98􏰂8 ,28201,,,,,,,,,,,,,
,,,,,,,,,,,,,,
2312􏰂35􏰂8 ,97601,,,,,,,,,,,,,
,,,,,,,,,,,,,,
139􏰂40􏰂2 ,80808,,,,,,,,,,,,,
,,,,,,,,,,,,,,
31218􏰂83􏰂4 ,113601,,,,,,,,,,,,,
,,,,,,,,,,,,,,
60207􏰂90􏰂1 ,122101,,,,,,,,,,,,,
,,,,,,,,,,,,,,
12071􏰂83􏰂9 ,522200,,,,,,,,,,,,,
,,,,,,,,,,,,,,
114􏰂26􏰂1 ,47802,,,,,,,,,,,,,
,,,,,,,,,,,,,,
181274􏰂15􏰂7 ,122019,,,,,,,,,,,,,
,,,,,,,,,,,,,,
127􏰂00􏰂4 ,600500,,,,,,,,,,,,,
,,,,,,,,,,,,,,
78􏰂89􏰂7 ,600501,,,,,,,,,,,,,
,,,,,,,,,,,,,,
75􏰂56􏰂9 ,42501,,,,,,,,,,,,,
,,,,,,,,,,,,,,
189278􏰂12􏰂4 ,44502,,,,,,,,,,,,,
,,,,,,,,,,,,,,
94125􏰂34􏰂5 ,129031,,,,,,,,,,,,,
,,,,,,,,,,,,,,
178928􏰂70􏰂6 ,113961,,,,,,,,,,,,,
,,,,,,,,,,,,,,
1228284􏰂64􏰂7 ,90110,,,,,,,,,,,,,
,,,,,,,,,,,,,,
926914􏰂55􏰂8 ,106111,,,,,,,,,,,,,
,,,,,,,,,,,,,,
123312􏰂89􏰂0 ,101103,,,,,,,,,,,,,
,,,,,,,,,,,,,,
158353􏰂15􏰂2 ,104502,,,,,,,,,,,,,
,,,,,,,,,,,,,,
,,,,,,,,,,,,,,
,,,,,,,,,,,,,,
,,,,,,,,,,,,,,
,,,,,,,,,,,,,,
,,,,,,,,,,,,,,
,,,,,,,,,,,,,,
,,,,,,,,,,,,,,
175013􏰂18􏰂0 ,99100,,,,,,,,,,,,,
,,,,,,,,,,,,,,
129630􏰂19􏰂9 ,30090,,,,,,,,,,,,,
,,,,,,,,,,,,,,
365400􏰂11􏰂9 ,692,,,,,,,,,,,,,
,,,,,,,,,,,,,,
942515􏰂63􏰂1 ,90113,,,,,,,,,,,,,
,,,,,,,,,,,,,,
1698􏰂60􏰂8 ,69601,,,,,,,,,,,,,
,,,,,,,,,,,,,,
8003􏰂34􏰂7 ,69001,,,,,,,,,,,,,
,,,,,,,,,,,,,,
96489􏰂71􏰂3 ,129105,,,,,,,,,,,,,
,,,,,,,,,,,,,,
179101􏰂81􏰂6 ,295149,,,,,,,,,,,,,
,,,,,,,,,,,,,,
55512􏰂33􏰂9 ,128834,,,,,,,,,,,,,
,,,,,,,,,,,,,,
337458􏰂27􏰂2 ,555555,,,,,,,,,,,,,
,,,,,,,,,,,,,,
53112􏰂28􏰂0 ,288201,,,,,,,,,,,,,
,,,,,,,,,,,,,,
688046􏰂61􏰂9 ,28828,,,,,,,,,,,,,
,,,,,,,,,,,,,,
95737􏰂68􏰂1 ,129032,,,,,,,,,,,,,
,,,,,,,,,,,,,,
123343􏰂16􏰂8 ,78905,,,,,,,,,,,,,
,,,,,,,,,,,,,,
447399􏰂55􏰂5 ,90099,,,,,,,,,,,,,
,,,,,,,,,,,,,,
422556􏰂08􏰂9 ,108702,,,,,,,,,,,,,
,,,,,,,,,,,,,,
84087􏰂01􏰂4 ,128974,,,,,,,,,,,,,
,,,,,,,,,,,,,,
124495􏰂18􏰂7 ,55459,,,,,,,,,,,,,
,,,,,,,,,,,,,,
76578􏰂14􏰂8 ,128711,,,,,,,,,,,,,
,,,,,,,,,,,,,,
100646􏰂51􏰂3 ,128709,,,,,,,,,,,,,
,,,,,,,,,,,,,,
10453􏰂86􏰂8 ,97801,,,,,,,,,,,,,
,,,,,,,,,,,,,,
122931􏰂48􏰂0 ,129009,,,,,,,,,,,,,
,,,,,,,,,,,,,,
83􏰂79􏰂4 ,71003,,,,,,,,,,,,,
,,,,,,,,,,,,,,
372137􏰂35􏰂4 ,118203,,,,,,,,,,,,,
,,,,,,,,,,,,,,
28434􏰂00􏰂6 ,4004,,,,,,,,,,,,,
,,,,,,,,,,,,,,
874967􏰂67􏰂6 ,129223,,,,,,,,,,,,,
,,,,,,,,,,,,,,
74051􏰂80􏰂2 ,121001,,,,,,,,,,,,,
,,,,,,,,,,,,,,
122􏰂34􏰂9 ,80807,,,,,,,,,,,,,
,,,,,,,,,,,,,,
87392􏰂12􏰂9 ,108800,,,,,,,,,,,,,
,,,,,,,,,,,,,,
50723􏰂80􏰂3 ,103901,,,,,,,,,,,,,
,,,,,,,,,,,,,,
11130􏰂12􏰂4 ,11111,,,,,,,,,,,,,
,,,,,,,,,,,,,,
7775􏰂09􏰂9 ,73301,,,,,,,,,,,,,
,,,,,,,,,,,,,,
143􏰂33􏰂9 ,74002,,,,,,,,,,,,,
,,,,,,,,,,,,,,
10588􏰂01􏰂9 ,68304,,,,,,,,,,,,,
,,,,,,,,,,,,,,
62􏰂74􏰂8 ,75003,,,,,,,,,,,,,
,,,,,,,,,,,,,,
7775􏰂19􏰂1 ,11104,,,,,,,,,,,,,
,,,,,,,,,,,,,,
15922􏰂78􏰂8 ,88004,,,,,,,,,,,,,
,,,,,,,,,,,,,,
1330􏰂43􏰂4 ,11112,,,,,,,,,,,,,
,,,,,,,,,,,,,,
12179􏰂04􏰂3 ,11110,,,,,,,,,,,,,
,,,,,,,,,,,,,,
1072957􏰂71􏰂1 ,122305,,,,,,,,,,,,,
,,,,,,,,,,,,,,
,,,,,,,,,,,,,,
,,,,,,,,,,,,,,
,,,,,,,,,,,,,,
,,,,,,,,,,,,,,
,,,,,,,,,,,,,,
,,,,,,,,,,,,,,
,,,,,,,,,,,,,,
187166􏰂40􏰂1 + 187166􏰂15􏰂0 ,110008,,,,,,,,,,,,,
,,,,,,,,,,,,,,
935545􏰂74􏰂7 ,110007,,,,,,,,,,,,,
,,,,,,,,,,,,,,
187166􏰂15􏰂0 ,110009,,,,,,,,,,,,,
,,,,,,,,,,,,,,
131929􏰂60􏰂7 ,110003,,,,,,,,,,,,,
,,,,,,,,,,,,,,
148477􏰂71􏰂8 ,124871,,,,,,,,,,,,,
,,,,,,,,,,,,,,
283594􏰂90􏰂1 ,24875,,,,,,,,,,,,,
,,,,,,,,,,,,,,
1229023􏰂00􏰂0 ,44203,,,,,,,,,,,,,
,,,,,,,,,,,,,,
203313􏰂25􏰂1 ,392201,,,,,,,,,,,,,
,,,,,,,,,,,,,,
118134􏰂30􏰂8 ,120759,,,,,,,,,,,,,
,,,,,,,,,,,,,,
7745􏰂89􏰂3 ,9901,,,,,,,,,,,,,
,,,,,,,,,,,,,,
57􏰂92􏰂1 ,6306,,,,,,,,,,,,,
,,,,,,,,,,,,,,
3810􏰂74􏰂0 ,6310,,,,,,,,,,,,,
,,,,,,,,,,,,,,
57􏰂24􏰂9 ,76901,,,,,,,,,,,,,
,,,,,,,,,,,,,,
122836􏰂35􏰂5 ,129081,,,,,,,,,,,,,
,,,,,,,,,,,,,,
74222􏰂97􏰂2 ,122001,,,,,,,,,,,,,
,,,,,,,,,,,,,,
81591􏰂81􏰂3 ,128501,,,,,,,,,,,,,
,,,,,,,,,,,,,,
141776􏰂32􏰂1 ,85601,,,,,,,,,,,,,
,,,,,,,,,,,,,,
946578􏰂00􏰂3 ,5210,,,,,,,,,,,,,
,,,,,,,,,,,,,,
2699􏰂79􏰂8 ,78003,,,,,,,,,,,,,
,,,,,,,,,,,,,,
35400􏰂43􏰂2 ,111501,,,,,,,,,,,,,
,,,,,,,,,,,,,,
26002􏰂80􏰂2 ,69005,,,,,,,,,,,,,
,,,,,,,,,,,,,,
102851􏰂06􏰂9 ,109302,,,,,,,,,,,,,
,,,,,,,,,,,,,,
21564􏰂17􏰂0 ,35603,,,,,,,,,,,,,
,,,,,,,,,,,,,,
107534􏰂96􏰂3 ,128997,,,,,,,,,,,,,
,,,,,,,,,,,,,,
112410􏰂23􏰂8 ,129026,,,,,,,,,,,,,
,,,,,,,,,,,,,,
119168􏰂77􏰂3 ,90102,,,,,,,,,,,,,
,,,,,,,,,,,,,,
34014􏰂18􏰂1 ,105501,,,,,,,,,,,,,
,,,,,,,,,,,,,,
83121􏰂18􏰂0 ,129048,,,,,,,,,,,,,
,,,,,,,,,,,,,,
79538􏰂32􏰂2 ,128912,,,,,,,,,,,,,
,,,,,,,,,,,,,,
542􏰂75􏰂6 ,29001,,,,,,,,,,,,,
,,,,,,,,,,,,,,
335104􏰂84􏰂2 ,12801,,,,,,,,,,,,,
,,,,,,,,,,,,,,
149979􏰂41􏰂9 ,121005,,,,,,,,,,,,,
,,,,,,,,,,,,,,
5902􏰂51􏰂2 ,12701,,,,,,,,,,,,,
,,,,,,,,,,,,,,
13071􏰂79􏰂9 ,105001,,,,,,,,,,,,,
,,,,,,,,,,,,,,
5915􏰂41􏰂3 ,80814,,,,,,,,,,,,,
,,,,,,,,,,,,,,
886􏰂50􏰂0 ,80813,,,,,,,,,,,,,
,,,,,,,,,,,,,,
2593􏰂15􏰂9 ,84701,,,,,,,,,,,,,
,,,,,,,,,,,,,,
961􏰂11􏰂5 ,83701,,,,,,,,,,,,,
,,,,,,,,,,,,,,
112281􏰂77􏰂3 ,120603,,,,,,,,,,,,,
,,,,,,,,,,,,,,
7696􏰂12􏰂0 ,69003,,,,,,,,,,,,,
,,,,,,,,,,,,,,
1229654􏰂66􏰂3 ,90097,,,,,,,,,,,,,
,,,,,,,,,,,,,,
,,,,,,,,,,,,,,
,,,,,,,,,,,,,,
,,,,,,,,,,,,,,
,,,,,,,,,,,,,,
,,,,,,,,,,,,,,
,,,,,,,,,,,,,,
,,,,,,,,,,,,,,
148􏰂79􏰂8 ,60101,,,,,,,,,,,,,
,,,,,,,,,,,,,,
28558􏰂32􏰂9 ,60102,,,,,,,,,,,,,
,,,,,,,,,,,,,,
111988􏰂49􏰂9 ,14019,,,,,,,,,,,,,
,,,,,,,,,,,,,,
153719􏰂23􏰂4 ,60109,,,,,,,,,,,,,
,,,,,,,,,,,,,,
117718􏰂60􏰂2 ,129100,,,,,,,,,,,,,
,,,,,,,,,,,,,,
51707􏰂55􏰂2 ,120301,,,,,,,,,,,,,
,,,,,,,,,,,,,,
317815􏰂83􏰂1 ,15804,,,,,,,,,,,,,
,,,,,,,,,,,,,,
79277􏰂27􏰂3 ,128845,,,,,,,,,,,,,
,,,,,,,,,,,,,,
28249􏰂77􏰂6 ,108401,,,,,,,,,,,,,
,,,,,,,,,,,,,,
31895􏰂22􏰂4 ,128868,,,,,,,,,,,,,
,,,,,,,,,,,,,,
59669􏰂26􏰂0 ,114501,,,,,,,,,,,,,
,,,,,,,,,,,,,,
23564􏰂05􏰂8 ,102001,,,,,,,,,,,,,
,,,,,,,,,,,,,,
137􏰂26􏰂8 ,79801,,,,,,,,,,,,,
,,,,,,,,,,,,,,
1220411􏰂29􏰂9 ,12311,,,,,,,,,,,,,
,,,,,,,,,,,,,,
330459􏰂31􏰂9 ,74752,,,,,,,,,,,,,
,,,,,,,,,,,,,,
57018􏰂04􏰂9 ,128905,,,,,,,,,,,,,
,,,,,,,,,,,,,,
129558􏰂76􏰂5 ,90111,,,,,,,,,,,,,
,,,,,,,,,,,,,,
928783􏰂29􏰂3 ,573101,,,,,,,,,,,,,
,,,,,,,,,,,,,,
731􏰂27􏰂1 ,309200,,,,,,,,,,,,,
,,,,,,,,,,,,,,
210631􏰂68􏰂8 ,123009,,,,,,,,,,,,,
,,,,,,,,,,,,,,
87820􏰂88􏰂0 ,121000,,,,,,,,,,,,,
,,,,,,,,,,,,,,
118712􏰂89􏰂3 ,129140,,,,,,,,,,,,,
,,,,,,,,,,,,,,
43121􏰂43􏰂3 ,109901,,,,,,,,,,,,,
,,,,,,,,,,,,,,
55219􏰂65􏰂3 ,127201,,,,,,,,,,,,,
,,,,,,,,,,,,,,
2303􏰂17􏰂5 ,78802,,,,,,,,,,,,,
,,,,,,,,,,,,,,
82097􏰂50􏰂5 ,128969,,,,,,,,,,,,,
,,,,,,,,,,,,,,
112143􏰂82􏰂5 ,128100,,,,,,,,,,,,,
,,,,,,,,,,,,,,
28711􏰂29􏰂7 ,600082,,,,,,,,,,,,,
,,,,,,,,,,,,,,
114419􏰂45􏰂3 ,600011,,,,,,,,,,,,,
,,,,,,,,,,,,,,
101200􏰂48􏰂0 ,128887,,,,,,,,,,,,,
,,,,,,,,,,,,,,
78􏰂48􏰂8 ,74801,,,,,,,,,,,,,
,,,,,,,,,,,,,,
14275􏰂57􏰂1 ,83118,,,,,,,,,,,,,
,,,,,,,,,,,,,,
52􏰂68􏰂6 ,57901,,,,,,,,,,,,,
,,,,,,,,,,,,,,
55335􏰂06􏰂3 ,116001,,,,,,,,,,,,,
,,,,,,,,,,,,,,
64700􏰂56􏰂7 ,116004,,,,,,,,,,,,,
,,,,,,,,,,,,,,
1048373􏰂85􏰂8 ,116000,,,,,,,,,,,,,
,,,,,,,,,,,,,,
57213􏰂69􏰂1 ,116002,,,,,,,,,,,,,
,,,,,,,,,,,,,,
3380􏰂34􏰂5 ,54901,,,,,,,,,,,,,
,,,,,,,,,,,,,,
41814􏰂78􏰂2 ,120201,,,,,,,,,,,,,
,,,,,,,,,,,,,,
58138􏰂08􏰂2 ,123901,,,,,,,,,,,,,
,,,,,,,,,,,,,,
141517􏰂21􏰂7 ,129112,,,,,,,,,,,,,
,,,,,,,,,,,,,,
290332􏰂10􏰂4 ,119009,,,,,,,,,,,,,
,,,,,,,,,,,,,,
,,,,,,,,,,,,,,
,,,,,,,,,,,,,,
,,,,,,,,,,,,,,
,,,,,,,,,,,,,,
,,,,,,,,,,,,,,
,,,,,,,,,,,,,,
,,,,,,,,,,,,,,
1258836􏰂72􏰂4 ,80800,,,,,,,,,,,,,
,,,,,,,,,,,,,,
1263133􏰂33􏰂0 ,129210,,,,,,,,,,,,,
,,,,,,,,,,,,,,
68694􏰂11􏰂1 ,128879,,,,,,,,,,,,,
,,,,,,,,,,,,,,
1582􏰂09􏰂8 ,36101,,,,,,,,,,,,,
,,,,,,,,,,,,,,
126535􏰂15􏰂7 ,129002,,,,,,,,,,,,,
,,,,,,,,,,,,,,
26644􏰂46􏰂2 ,107901,,,,,,,,,,,,,
,,,,,,,,,,,,,,
95266􏰂40􏰂3 ,112602,,,,,,,,,,,,,
,,,,,,,,,,,,,,
76􏰂87􏰂9 ,83601,,,,,,,,,,,,,
,,,,,,,,,,,,,,
131983􏰂72􏰂7 ,125620,,,,,,,,,,,,,
,,,,,,,,,,,,,,
55406􏰂53􏰂6 ,107801,,,,,,,,,,,,,
,,,,,,,,,,,,,,
57􏰂14􏰂7 ,600018,,,,,,,,,,,,,
,,,,,,,,,,,,,,
111578􏰂32􏰂6 ,129025,,,,,,,,,,,,,
,,,,,,,,,,,,,,
83657􏰂22􏰂1 ,128976,,,,,,,,,,,,,
,,,,,,,,,,,,,,
83657􏰂17􏰂4 ,138976,,,,,,,,,,,,,
,,,,,,,,,,,,,,
283159􏰂90􏰂0 ,128200,,,,,,,,,,,,,
,,,,,,,,,,,,,,
50471􏰂44􏰂8 ,113201,,,,,,,,,,,,,
,,,,,,,,,,,,,,
8042􏰂47􏰂5 ,63510,,,,,,,,,,,,,
,,,,,,,,,,,,,,
1330􏰂20􏰂7 ,86802,,,,,,,,,,,,,
,,,,,,,,,,,,,,
52315􏰂07􏰂8 ,129064,,,,,,,,,,,,,
,,,,,,,,,,,,,,
1314􏰂84􏰂7 ,88601,,,,,,,,,,,,,
,,,,,,,,,,,,,,
137􏰂30􏰂4 ,34805,,,,,,,,,,,,,
,,,,,,,,,,,,,,
156052􏰂68􏰂5 ,101702,,,,,,,,,,,,,
,,,,,,,,,,,,,,